version,threads,schedule,chunk,run,elapsed,checksum
sequential,1,-,0,1,0.795,497859.295223
parallel,2,static,0,1,0.419,497859.295223
optimized,2,static,0,1,0.329,497859.295223
parallel,4,static,0,1,0.216,497859.295223
optimized,4,static,0,1,0.196,497859.295223
parallel,8,static,0,1,0.110,497859.295223
optimized,8,static,0,1,0.108,497859.295223
parallel,8,static,8,1,0.115,497859.295223
optimized,8,static,8,1,0.060,497859.295223
parallel,8,static,64,1,0.127,497859.295223
optimized,8,static,64,1,0.065,497859.295223
parallel,8,dynamic,8,1,0.113,497859.295223
optimized,8,dynamic,8,1,0.060,497859.295223
parallel,8,dynamic,64,1,0.115,497859.295223
optimized,8,dynamic,64,1,0.060,497859.295223
parallel,8,guided,0,1,0.113,497859.295223
optimized,8,guided,0,1,0.110,497859.295223
sequential,1,-,0,2,0.803,497859.295223
parallel,2,static,0,2,0.419,497859.295223
optimized,2,static,0,2,0.323,497859.295223
parallel,4,static,0,2,0.214,497859.295223
optimized,4,static,0,2,0.194,497859.295223
parallel,8,static,0,2,0.116,497859.295223
optimized,8,static,0,2,0.109,497859.295223
parallel,8,static,8,2,0.113,497859.295223
optimized,8,static,8,2,0.060,497859.295223
parallel,8,static,64,2,0.134,497859.295223
optimized,8,static,64,2,0.065,497859.295223
parallel,8,dynamic,8,2,0.114,497859.295223
optimized,8,dynamic,8,2,0.060,497859.295223
parallel,8,dynamic,64,2,0.116,497859.295223
optimized,8,dynamic,64,2,0.061,497859.295223
parallel,8,guided,0,2,0.114,497859.295223
optimized,8,guided,0,2,0.110,497859.295223
sequential,1,-,0,3,0.804,497859.295223
parallel,2,static,0,3,0.419,497859.295223
optimized,2,static,0,3,0.326,497859.295223
parallel,4,static,0,3,0.216,497859.295223
optimized,4,static,0,3,0.196,497859.295223
parallel,8,static,0,3,0.110,497859.295223
optimized,8,static,0,3,0.109,497859.295223
parallel,8,static,8,3,0.113,497859.295223
optimized,8,static,8,3,0.061,497859.295223
parallel,8,static,64,3,0.118,497859.295223
optimized,8,static,64,3,0.065,497859.295223
parallel,8,dynamic,8,3,0.114,497859.295223
optimized,8,dynamic,8,3,0.061,497859.295223
parallel,8,dynamic,64,3,0.116,497859.295223
optimized,8,dynamic,64,3,0.061,497859.295223
parallel,8,guided,0,3,0.114,497859.295223
optimized,8,guided,0,3,0.110,497859.295223
